strength,attention,meditation,deltha,theta,low_alpha,high_alpha,low_beta,high_beta,low_gamma,high_gamma
51,0,0,1154595,179193,13335,44484,33138,204057,262653,64201
51,0,0,145774,322483,139989,83856,83715,461158,193445,88907
51,0,0,1084302,142764,60200,30645,37110,181713,328328,71307
51,0,0,247533,241141,23523,39242,48259,223951,362543,56752
80,0,0,751386,262307,16149,13767,16745,131624,185840,58791
51,0,0,732536,99231,61445,19438,30322,159233,295324,58968
51,0,0,63342,30925,13487,11084,13345,41400,47594,11804
51,0,0,242132,147836,15266,13274,48861,238946,356140,51123
80,0,0,140984,16296,15423,5302,21806,178659,74097,18713
51,0,0,93754,554482,79950,37446,17863,334248,270312,24529
51,0,0,758975,590351,59454,24458,73366,191907,234176,29790
51,0,0,164831,130272,46359,17951,32852,227393,289366,30535
80,0,0,603628,168004,29863,55523,135779,262013,348820,56366
51,0,0,1095425,133754,59947,51796,38809,263740,301792,119743
51,0,0,213399,575481,23466,10828,21922,149372,188981,22061
51,0,0,220357,611968,36662,36364,80409,180666,162559,66965
51,0,0,388969,127803,30285,71461,37687,322952,292367,140976
80,0,0,678994,132250,7315,142203,35364,147738,140715,59287
51,0,0,179704,345263,29276,13315,25203,273161,115007,56374
51,0,0,87974,110220,7826,24888,45969,197171,48329,23485
51,0,0,1515553,70242,50215,33514,42397,272194,147568,31153
80,0,0,108403,36100,4067,9279,23090,194327,49462,15098
51,0,0,524723,285581,26680,19888,27355,236645,192978,36728
51,0,0,296210,348633,50046,54054,77442,368750,157856,83901
51,0,0,130522,44601,32144,13675,29724,68300,30933,11273
51,0,0,624917,69502,20296,23599,51175,415379,530894,81362
25,0,0,638195,143148,15961,41198,42802,16548,2563,1522
29,0,0,1071530,12976,15010,28098,11678,20511,15375,1247
0,0,0,836026,26754,15400,25458,24649,40515,39307,1028
26,0,0,1562044,118865,133440,86896,30601,118236,99048,3921
26,0,0,1874494,619181,215099,147969,68939,305206,193136,17232
55,0,0,21239,33949,20745,6764,14232,29029,28326,27637
26,0,0,166182,33018,28609,16735,7321,71265,50901,17813
26,0,0,77256,11601,6448,9785,21193,70689,48349,23310
26,0,0,396676,960034,557937,1323958,212003,191509,854168,209749
55,0,0,232346,105877,120821,89973,64010,365109,134290,166710
55,0,0,1447750,288077,265435,8812,115064,274414,259597,99840
26,0,0,378466,163966,55283,75045,71159,258616,253136,126468
26,0,0,1917095,293007,718253,524280,620141,1033673,1360076,574480
26,0,0,117303,239428,142789,17384,68873,143750,180331,94869
55,0,0,868201,84544,9319,4207,10442,8942,10397,9535
26,0,0,608819,183928,140130,45559,159805,128681,219219,116728
26,0,0,514414,75179,34079,134706,165627,342388,403838,111065
26,0,0,406000,155181,174907,132624,121297,489736,159988,186333
55,0,0,340976,63707,24119,17791,13022,12494,13739,12469
55,0,0,611102,69654,39511,23113,95720,583552,466942,111457
26,0,0,677864,146360,104237,45196,19063,259063,210187,100562
51,0,0,926512,57180,13232,32962,24033,31350,19158,39268
51,0,0,1923235,395603,14957,207060,68482,64779,90821,140965
80,0,0,153530,32466,2222,11942,4240,70137,19419,29817
51,0,0,146893,252029,16622,73656,57993,286325,195094,89686
51,0,0,448200,109742,44918,47442,30615,170001,191921,67731
51,0,0,2553606,179181,115935,151193,129938,223066,78616,121145
80,0,0,1494825,303087,85640,16165,74733,243161,58060,114596
51,0,0,692685,417956,3573,30018,25320,492626,292428,37962
51,0,0,1018888,157390,36392,31417,18208,198158,224825,40108
51,0,0,3437875,388655,18521,241160,386343,1650101,2361461,242792
80,0,0,774557,196905,69463,52348,27865,365224,262197,83865
80,0,0,702813,297165,31981,20728,17995,138093,155737,26508
26,0,0,1172895,999688,476548,534940,296870,305105,304730,192127
26,0,0,146547,43207,8026,16642,25317,34431,98541,6225
26,0,0,505036,867792,56911,80052,141696,180787,159028,150399
26,0,0,1107022,65220,46724,158151,52153,132027,156582,97425
26,0,0,951990,231904,89193,344967,80270,90288,28598,62937
26,0,0,1699529,1297395,670981,98350,503359,260294,453032,182951
26,0,0,39263,90207,28484,55401,44383,36868,18745,17171
26,0,0,1044529,224272,320843,147489,130223,215699,48481,68899
26,0,0,344531,52415,12116,9148,16085,15547,16814,15523
26,0,0,684968,224849,88738,50559,120174,60301,80833,35425
26,0,0,1320381,425863,114163,107020,170178,143575,91222,49149
26,0,0,657616,1194725,92209,206804,356110,814037,709909,258530
26,0,0,143396,87638,8530,18481,10808,74817,29638,8521
26,0,0,1048884,184815,212311,119334,56505,285461,158123,62831
26,0,0,139911,54730,8894,33737,11474,49413,7111,12326
26,0,0,345890,43045,29732,44401,68737,20636,19727,26398
26,0,0,805872,49164,11989,21331,28120,42164,20725,12964
26,0,0,822596,571242,63357,146487,44054,79760,58134,24584
26,0,0,45514,75684,6844,34609,6421,35585,8255,11696
26,0,0,625836,687093,55800,192055,92674,143465,54372,71044
26,0,0,384196,857378,41271,70764,61072,202925,61520,37355
26,0,0,1290445,237950,103525,118426,33844,84081,77549,54038
26,0,0,46240,46474,11722,33853,45634,45162,21001,11454
26,0,0,654903,2078431,379883,733682,123514,177092,250266,191876
26,0,0,645874,60290,41527,39747,12739,15827,4921,26418
26,0,0,879569,1102689,205317,540598,294369,312767,308600,184949
26,0,0,1183726,185736,290820,87500,88656,196175,102074,42219
26,0,0,40713,106318,14396,23411,34754,26803,24137,13692
26,0,0,134857,245689,67830,106220,170798,199985,109815,72664
26,0,0,291712,44694,6231,26309,24302,17920,15046,8230
26,0,0,1790763,1242909,2124419,216626,380413,226311,264780,257909
26,0,0,1177004,218602,83329,203845,140572,105620,40288,64239
26,0,0,732525,227163,63063,168980,76989,140536,126350,137390
26,0,0,557499,128477,85594,35291,42842,92378,179525,55873
26,0,0,1838861,359455,193719,92070,117445,120219,59228,88456
26,0,0,819016,25687,3672,27693,17512,30728,33883,10885
26,0,0,395666,31016,5978,9966,11515,11373,13563,10029
26,0,0,1489032,197873,11343,58778,95638,52574,150696,83628
26,0,0,406852,47983,32289,36681,69791,24708,12588,15166
26,0,0,97557,46679,59079,30215,13521,30419,20595,10593
26,0,0,1729934,118311,98533,105883,236747,88830,81687,92653
26,0,0,202542,62009,30277,43140,24549,31297,16245,6738
26,0,0,901404,1113360,180882,53613,90357,94471,38359,33144
26,0,0,190408,59857,21236,33493,25416,15644,5310,12726
26,0,0,146581,33182,68908,23251,46026,29333,20792,22911
26,0,0,189855,36948,60260,136582,61131,38383,7086,20650
26,0,0,70533,36647,81077,59347,48042,25836,21678,30621
26,0,0,996406,367098,88160,54255,161133,145149,177264,39463
26,0,0,11047,6753,9459,5699,5188,12705,2403,9581
26,0,0,150003,195541,37751,46265,23981,33808,12385,11624
26,0,0,827642,560714,131006,522034,114071,154973,54855,88800
26,0,0,126570,41762,38729,18943,10826,29363,12714,7068
26,0,0,616249,31812,32785,79735,29025,27349,18309,15128
26,0,0,1663487,209917,40501,61509,70565,121871,137549,41208
26,0,0,1818809,282129,44721,147980,91093,79542,67376,81191
26,0,0,283003,44594,17804,7124,67277,12897,17445,18554
26,0,0,193439,258176,5370,17226,14635,30443,20971,18535
26,0,0,330228,158949,176770,174987,150125,85463,119439,122492
26,0,0,584335,188675,90446,110919,57653,123290,52976,121224
26,0,0,27559,60315,20598,55885,9999,27495,25866,15251
26,0,0,1045326,304997,116379,89032,80824,113663,88796,54775
26,0,0,51243,169111,60055,48607,31650,44677,7616,13773
26,0,0,124164,79712,13648,26332,21008,39487,18979,13023
26,0,0,289040,55796,44957,18338,30479,37816,20432,15203
26,0,0,710498,187811,50858,11312,51921,20927,18691,10865
26,0,0,797693,839189,53264,101224,91923,120799,64091,31198
26,0,0,1724481,305500,27859,45884,106302,96802,101336,76687
26,0,0,255607,99676,18413,26311,17067,44059,37283,17974
26,0,0,710207,91076,14449,49446,14496,19207,17737,20916
26,0,0,150344,59724,12814,23791,34226,44855,13967,15840
26,0,0,534350,59719,43511,8683,20226,33277,31761,28854
26,0,0,1807038,272766,29350,67094,43253,64240,68768,64690
26,0,0,2393485,354830,62430,77292,104565,124396,96856,57705
26,0,0,240975,85726,19504,26585,20904,32710,9276,15211
26,0,0,615179,71287,17936,42124,21705,12077,24534,5660
26,0,0,1526724,127106,21719,64763,161821,99734,59037,108240
26,0,0,750421,71829,70939,112352,97865,89538,165498,58807
26,0,0,725991,246415,46920,126773,35704,31555,105445,90658
26,0,0,1200914,465302,63661,38104,202140,78078,48213,23653
26,0,0,508964,57716,17451,17824,7640,21081,9862,12595
26,0,0,100144,78067,33160,18104,34040,23513,9667,17791
26,0,0,247025,42236,18148,10012,16446,23510,7771,12741
26,0,0,576301,35244,84356,35356,48807,39613,13009,8543
26,0,0,740457,406592,28045,126464,115511,76759,50617,81474
26,0,0,557681,84347,38960,31131,37038,36939,24476,23280
26,0,0,2291691,892056,19363,86821,75635,100126,56962,77529
26,0,0,532102,139865,19087,9806,13124,31037,24992,12245
26,0,0,1338890,252343,260658,396520,169126,279372,140767,143143
26,0,0,718110,19701,4172,3682,7547,9519,31977,12357
26,0,0,729079,682017,20964,155802,74415,30779,52539,37725
26,0,0,627324,151850,77036,201365,143100,98288,62497,61879
26,0,0,1653185,569493,73238,29038,84215,179509,61906,53920
26,0,0,1073062,175256,33138,162076,32235,42717,146779,74853
26,0,0,1407204,258439,51121,69169,24700,129738,71219,76923
26,0,0,51359,49326,16311,19508,7261,16719,8601,14840
26,0,0,558685,32663,20678,7955,6699,20828,12272,18062
26,0,0,776924,355275,136783,99663,92620,50703,91671,25291
26,0,0,1801288,255874,238546,30814,51678,67868,30201,37495
26,0,0,129784,88227,22483,19881,21842,22592,12451,11393
26,0,0,266097,91004,8771,23686,29444,22297,13267,16933
26,0,0,904413,1135274,122886,66767,49044,81659,88629,45776
26,0,0,87453,61738,5899,25515,38987,19285,47292,22300
26,0,0,602064,26680,16507,13655,14500,16211,18283,14235
26,0,0,436691,312339,1343,92704,92775,152754,58965,45281
26,0,0,281667,149436,41749,4975,20536,19858,12135,10557
26,0,0,209866,43951,14477,42840,9482,30000,16862,6809
26,0,0,909229,65941,14866,22912,8976,7626,20863,19600
26,0,0,387051,1199264,91139,56426,51153,106744,68825,32632
29,0,0,402786,79731,67675,56800,14481,63871,33215,17716
26,0,0,1334049,501924,215105,122309,88490,80320,52556,23273
26,0,0,50557,7780,13141,28745,21518,82744,69651,13732
26,0,0,1264281,377175,95462,14816,29019,116759,78116,22263
55,0,0,831607,88151,23967,6670,11045,32265,35922,32008
26,0,0,383543,254301,141926,131625,54643,347450,166780,103189
26,0,0,565657,87824,26852,154444,43324,282614,264732,97183
55,0,0,245307,138891,144681,135742,81590,340197,191477,83343
26,0,0,141543,13592,32591,32070,23470,39573,88915,28868
26,0,0,338446,165350,79156,51145,60906,155832,200485,170537
26,0,0,457556,67627,63652,145793,53999,273753,124290,147062
55,0,0,1281872,40463,97229,83865,218132,323389,214919,154806
26,0,0,948039,67672,152367,6919,91112,134218,127673,34085
26,0,0,1106155,772853,429393,118552,655377,1342373,719418,338380
55,0,0,1117411,122109,12461,35813,27966,11203,6992,7445
26,0,0,239711,116750,49168,44339,52570,143527,279323,161812
26,0,0,1932828,801590,109880,96110,356564,1003378,846231,512506
26,0,0,279784,186148,91064,73392,84889,345237,345143,104258
55,0,0,16832,20285,819,2193,7034,2841,1397,951
26,0,0,792844,175754,12256,52351,102597,227039,308110,94574
26,0,0,604716,110615,25974,12387,33195,804593,164983,147322
55,0,0,1194237,167558,57817,27793,35970,10770,28069,9513
26,0,0,12984,10160,19148,20224,15296,71508,54653,20287
26,0,0,960027,237134,25629,55574,41123,344939,175759,204055
26,0,0,1094270,271266,70371,42937,46907,255540,353179,81254
55,0,0,107110,319337,28904,8988,59962,9433,19521,5668
26,0,0,1811711,84933,43931,36418,74515,478687,163988,61222
26,0,0,462187,242209,147270,43568,91344,514728,237327,87590
26,0,0,743604,266000,61976,28501,90202,269935,204423,70472
55,0,0,36614,59723,3751,5660,14186,11227,2599,5347
26,0,0,441306,23092,16615,12166,29707,89571,32464,14117
26,0,0,506906,180626,41915,213535,46692,262594,174780,86313
26,0,0,1707874,494211,133293,564930,509852,551428,551445,412536
55,0,0,69796,45369,3125,4039,11875,5501,4868,3711
51,0,0,451720,113924,84128,150469,159619,221814,174176,119870
51,0,0,409385,95668,16089,4029,14549,164370,40738,15096
51,0,0,248200,182003,25567,57999,12095,28728,12967,19733
80,0,0,26787,62326,2553,11393,14870,8297,2503,1756
51,0,0,2414585,265796,37101,39958,224822,176675,343715,55420
51,0,0,164307,23760,31159,12133,16816,63498,56160,17752
51,0,0,486041,308192,75809,11963,119689,148248,211500,67202
80,0,0,73396,92722,4400,35533,34888,48346,10301,17180
51,0,0,747126,249534,67402,76965,85432,156784,174990,82906
51,0,0,1588933,162615,104016,135961,52339,188185,239249,103079
80,0,0,116353,343604,6538,18236,61008,41883,25412,7767
51,0,0,1835727,117869,45915,67149,47226,176544,173683,106003
51,0,0,930166,181489,50595,19298,45251,270782,350290,99543
80,0,0,210912,38109,16105,32553,9951,57868,25251,22567
51,0,0,1915346,121445,1597,27808,107007,378384,157955,97361
51,0,0,1493608,328446,52000,171264,46965,138047,196968,72853
51,0,0,990623,757914,27398,84849,41896,108493,86853,69946
80,0,0,1222388,99327,55223,43685,39422,412116,184238,309588
51,0,0,959385,206650,34503,14178,37851,527462,280654,90640
51,0,0,924701,646981,136051,64991,40835,100305,86189,132907
80,0,0,858951,888666,115932,60645,116168,101981,138189,94331
51,0,0,1280255,156426,27815,16860,30965,333366,370273,149043
51,0,0,1267799,290960,103837,208590,348477,110630,122136,76063
80,0,0,980573,469596,110437,152580,207014,175663,69996,76234
51,0,0,1308522,784027,89666,170047,258809,829727,1607654,450158
51,0,0,415536,183425,23842,45331,38110,320290,301997,162102
80,0,0,1429292,250667,6742,27648,69646,141526,204337,45454
51,0,0,2389181,688041,35321,186392,198970,1572086,1116681,302190
51,0,0,458020,181562,23843,46388,44695,171650,334325,192672
51,0,0,145009,43219,4151,2477,9686,49638,30611,14726
80,0,0,1088897,237962,20696,20739,29784,179510,196786,78166
51,0,0,64717,32338,12100,3084,6150,119440,61408,16163
51,0,0,1171714,110361,30866,44198,26136,194630,110572,64561
80,0,0,433689,312248,50171,69636,146611,124517,88517,44159
51,0,0,741311,63064,1792,26442,15261,142600,105480,85150
51,0,0,43557,26502,16840,10051,6225,103686,62866,23642
51,0,0,933279,163722,48004,46285,38694,179689,190340,61694
80,0,0,172905,34203,11140,16992,10144,37600,49151,13126
51,0,0,306137,462396,3425,75898,50953,268849,599371,59942
51,0,0,325201,184947,58520,34696,34718,320680,279222,44283
80,0,0,1046674,151086,20963,55870,117505,211361,258909,51626
51,0,0,1602444,181875,11301,24986,15294,394885,357470,90114
51,0,0,415387,180657,26253,37431,39600,233973,636124,55803
51,0,0,1640139,99937,119117,51023,97864,129089,169593,34306
80,0,0,917185,135728,41334,44501,97964,273437,419902,96989
51,0,0,2342304,461463,264849,227206,71179,945778,1168170,164049
51,0,0,308284,353821,34661,50876,48915,321953,200121,63859
51,0,0,3609483,1695442,129101,88955,325764,824844,986813,244387
80,0,0,878971,75122,22267,11017,32019,21625,20536,18750
51,0,0,550343,430465,56588,111806,40804,216706,299160,43263
51,0,0,322019,194669,42102,47820,27281,219743,555301,55356
51,0,0,1296697,121608,99010,32270,44630,142629,131972,94917
80,0,0,999105,364200,33225,25144,53032,243581,150022,69264
51,0,0,554895,237007,20908,7276,42435,178303,428760,69227
51,0,0,554545,264724,113636,32246,38397,290742,527711,48632
51,0,0,347837,258391,16627,6159,24190,324716,381756,41955
80,0,0,980894,647006,33042,28551,15492,282705,669851,35224
51,0,0,608962,76728,41292,30083,15061,206113,297595,46182
51,0,0,335379,459540,32120,76777,102890,370347,216812,106735
51,0,0,522415,41562,63805,82142,9698,269562,215136,38482
80,0,0,370443,345620,19626,13785,26248,229210,430608,41900
51,0,0,102970,380144,78432,77480,46555,323560,245045,89536
51,0,0,320804,188494,79432,75334,46978,256088,341722,41609
51,0,0,744115,278269,37223,17865,74850,390108,650709,32811
80,0,0,97327,19553,7861,25091,11580,113306,99098,9531
51,0,0,2602344,713201,103028,358344,213793,1222762,2520057,248529
51,0,0,397915,69870,58526,83788,36021,271746,385819,21438
51,0,0,571708,130444,59502,21020,52910,125477,297621,44599
80,0,0,1647878,170118,54855,29071,131233,236171,83553,106468
51,0,0,455568,182275,30628,53779,43395,228394,345095,128421
51,0,0,402938,411120,44433,65730,69337,103012,232199,14282
51,0,0,500471,105431,48317,50514,62157,311941,221129,86240
80,0,0,72232,50460,4146,9572,14007,102962,58434,21912
51,0,0,269325,104076,23943,74769,61025,229115,308087,67359
51,0,0,651772,156586,13832,50497,31101,134778,202339,71641
51,0,0,442239,286005,14033,17196,57858,726504,187103,60911
80,0,0,2015372,168147,13703,34076,25071,162145,312262,88431
51,0,0,260072,253262,96527,16063,48272,261882,428270,21675
51,0,0,387488,164613,56776,51804,40493,411046,280313,93976
51,0,0,362493,256071,13295,11007,18412,363360,400621,30003
80,0,0,381643,151638,79410,30073,44261,424305,534359,23155
51,0,0,394354,221967,11788,6668,18304,196781,226067,28665
51,0,0,1716793,1548859,510100,70220,118511,1340612,2088880,124974
51,0,0,711587,449598,41372,23491,48302,153739,345839,43801
80,0,0,330426,174945,55815,24918,49974,309338,541779,61274
51,0,0,560203,252469,35030,8302,46563,215638,200701,58054
51,0,0,760661,250528,68462,68435,19294,184728,483668,49339
51,0,0,354590,473153,99585,29821,47093,383779,568966,33304
80,0,0,17340,35962,9409,9818,9774,276798,43271,10155
51,0,0,571271,180135,30313,13035,29243,356145,576581,40751
51,0,0,469903,83140,33463,45327,36671,271117,505252,73617
51,0,0,352098,161700,45733,32974,47954,231603,261596,48918
80,0,0,960051,131642,62220,37778,36755,127641,372620,23296
51,0,0,503340,123933,10707,31085,11673,175163,252822,33743
51,0,0,412022,108308,62369,34525,104490,246210,659725,57461
51,0,0,1416710,155999,66579,24063,102839,240498,195464,90478
80,0,0,788679,106819,62088,71406,30901,332833,167498,83053
51,0,0,769454,280137,42643,26350,34755,228064,290417,39681
51,0,0,720748,164500,22218,38751,13492,665343,308776,50390
80,0,0,775356,138104,35724,35963,21615,208994,445795,14486
51,0,0,948327,120487,37682,7397,16079,324817,497398,54287
51,0,0,519278,133066,15507,5177,19818,238496,245104,31730
51,0,0,799324,339108,38985,54312,81589,250271,447883,47697
80,0,0,583372,226996,38285,48780,49837,251441,634490,55955
51,0,0,740559,196635,46182,23737,30407,257880,304525,28762
51,0,0,681755,297170,84360,51654,17991,147445,330100,38903
51,0,0,1347189,114507,65086,32000,116798,163019,134168,81329
80,0,0,715725,1305250,85037,52208,122551,886948,911781,242704
51,0,0,493869,554681,357241,319379,178661,152643,315842,188271
26,0,0,1043255,232249,45580,88322,201354,247914,83665,100317
80,0,0,708278,173186,143328,31450,70902,168268,76552,90194
26,0,0,812908,166345,188119,103241,127693,285994,133408,55456
26,0,0,1034304,205241,52315,142098,112644,213402,143376,253364
26,0,0,828501,251022,339408,28410,411258,140984,123299,68345
55,0,0,307755,51158,45694,6403,12199,42436,17575,19710
26,0,0,336253,172215,50432,43485,96654,103537,84213,197602
26,0,0,257366,503354,113105,256027,109126,169528,156002,118696
55,0,0,991400,330260,132840,70859,108784,156923,150659,84916
26,0,0,536481,161727,231319,116233,28210,119979,116140,35915
26,0,0,445591,184525,105802,39923,57473,123703,149246,71610
26,0,0,1868288,1167357,73136,583253,339648,335087,387767,204869
55,0,0,580074,1148314,227516,442873,587955,835825,454458,334820
26,0,0,799879,211311,225461,112303,152435,141412,208648,44322
26,0,0,1072052,114537,347795,52930,15854,285012,156490,77802
55,0,0,517478,489285,154532,134197,83888,112271,64775,61477
26,0,0,594278,322278,116462,154410,45758,94810,133356,24011
26,0,0,332138,98076,77136,12994,21192,15216,26996,24101
55,0,0,1207748,331995,48597,236052,51320,175513,100586,31705
26,0,0,1262338,434103,1410892,1099678,240821,390770,461740,227290
26,0,0,387991,104564,164795,55697,53024,61732,28257,63163
26,0,0,1584823,458973,726417,264694,62799,149873,214253,31836
55,0,0,657527,389665,237298,12503,164285,116435,140615,187812
26,0,0,1710739,867119,534002,340222,89681,360454,185763,342844
26,0,0,630677,233860,70099,246669,29310,53748,41492,78159
55,0,0,331095,239085,39840,105505,103490,151001,138723,124554
26,0,0,2015012,1401474,464608,925916,328170,426233,406615,519087
26,0,0,116976,43324,16040,25221,14222,18939,4341,13550
55,0,0,164664,10565,1014,2380,1473,3121,1918,2441
26,0,0,61818,36862,1235,55063,100041,28284,29698,40191
26,0,0,302679,423934,161968,271623,54114,98116,188516,105386
26,0,0,38241,37022,1007,1040,4352,3620,4370,800
55,0,0,236697,153910,91104,109005,102030,78990,144344,231018
26,0,0,349902,353325,799019,140082,167016,61275,26575,62652
26,0,0,86119,44942,6856,10429,18427,62271,23737,17380
55,0,0,519036,96328,483743,201261,124873,196581,143357,73775
26,0,0,131866,35350,19649,18774,13191,34213,41411,17807
26,0,0,1035521,136548,22717,74353,92251,141023,194291,88235
55,0,0,68896,41308,2318,932,8715,1117,1737,1089
26,0,0,799328,301859,140505,145840,92959,158711,168322,43255
26,0,0,184591,28167,33468,11919,72446,32120,22417,33095
26,0,0,52784,9311,1967,787,3244,1691,1785,3349
55,0,0,426316,160311,284214,68228,81261,155261,140043,80124
26,0,0,772111,824825,187863,36594,139918,139458,192675,79817
26,0,0,482774,386265,48950,65457,324168,191742,81372,91444
26,0,0,83397,12928,306,1473,3145,1975,2719,1292
55,0,0,1269504,1336445,127558,828335,954255,685818,631565,397759
26,0,0,898648,1541138,769904,198874,275569,587699,936707,583021
26,0,0,869251,107697,78032,117799,100082,122018,119871,91207
55,0,0,87791,63745,655,1307,6185,3585,3632,2513
55,0,0,209219,209283,208440,127748,208149,130902,209573,106705
26,0,0,2600930,206194,543549,158821,138236,137040,93098,100774
26,0,0,932441,247694,46512,236174,169919,158813,110723,64636
55,0,0,12046,31013,1525,2282,6866,1872,1159,792
26,0,0,570359,279455,96075,221817,66386,253509,169024,145839
26,0,0,1054088,100586,27249,76763,137203,181578,169388,72950
26,0,0,60508,96325,2088,3839,3240,1996,1518,839
55,0,0,1192230,859068,687697,457427,576471,696312,804884,341797
26,0,0,668406,238815,488703,101761,87638,139833,137195,145464
26,0,0,545729,340298,493987,129430,229677,110123,118416,156046
55,0,0,70249,42775,1454,2593,9342,3064,1149,1642
51,0,0,883516,109501,18933,24349,20002,294158,295782,123191
51,0,0,1091687,176111,46871,45406,39427,381029,346469,39835
51,0,0,416139,689973,118972,27627,91894,117799,116767,76561
51,0,0,908453,50590,11109,33494,19306,34749,24701,7428
51,0,0,877389,99863,16482,41881,10485,571079,395799,104859
51,0,0,172499,559503,72040,48953,42403,190341,71263,47474
80,0,0,688539,97464,6677,11976,7092,30168,9900,30049
51,0,0,2660418,413736,107303,46609,94469,115868,121565,83595
51,0,0,79985,44189,37416,21305,21339,33934,12192,36111
80,0,0,73874,42196,6077,28265,8390,33924,57997,34664
51,0,0,297463,93071,39321,40079,23188,168746,127109,63973
51,0,0,9837,35981,8001,4847,13174,154632,40578,22558
51,0,0,205014,48272,10970,7417,9470,90374,93015,14591
80,0,0,1121838,109826,43564,30135,21217,464919,267940,55295
51,0,0,54047,84813,15515,13372,12347,34961,44160,11498
51,0,0,37664,59172,20037,13896,21137,103088,42173,21646
80,0,0,792226,122987,161092,37197,51074,155222,145590,134112
51,0,0,785613,78296,35614,21030,27223,319367,607484,98075
51,0,0,68661,45454,9249,14205,22169,95636,92611,18563
51,0,0,1174657,343076,35258,41274,45297,253271,169572,127518
80,0,0,701077,191542,66172,18178,43371,353932,339099,67370
51,0,0,555965,167040,30155,51221,13100,134179,382196,67932
51,0,0,166534,350767,163608,71354,40946,378254,345908,89194
51,0,0,1630519,1126694,405367,450683,161808,1332274,910068,352534
80,0,0,791984,360244,50633,47673,41051,199891,381569,57266
51,0,0,1058157,143459,65955,20553,45506,309032,478640,78086
51,0,0,424764,158840,29443,34783,30683,230486,377497,91952
51,0,0,685824,42351,8871,32790,52449,418011,397426,69560
80,0,0,1108685,106637,23267,39008,30000,249831,180298,71978
51,0,0,567099,86837,32616,42435,62288,238894,182690,39780
51,0,0,490247,481169,31518,38683,46404,425809,323123,64027
51,0,0,559343,266396,50362,13827,13878,264082,422896,109878
80,0,0,934090,101262,21067,19013,56762,225147,299121,48727
51,0,0,355458,318669,48764,53525,33186,205185,372055,110785
51,0,0,106739,101613,25082,26103,16408,57402,66975,17709
80,0,0,1028387,202771,53186,80834,86757,229049,133956,124636
51,0,0,1297878,67937,21723,14474,12872,310055,256658,87318
51,0,0,1217637,162005,24437,52518,38119,189236,164609,144789
51,0,0,52754,10175,27528,9670,4276,98245,59926,14522
80,0,0,1452360,208188,11420,30441,83588,394712,497622,64101
51,0,0,354672,199937,32958,31521,24254,204009,351314,63657
51,0,0,722760,219614,24790,20502,148825,273842,207856,80485
80,0,0,329861,136275,35650,33848,32693,443403,214198,94956
51,0,0,1676003,190114,32725,20180,7697,212878,159129,54631
51,0,0,479299,57646,17898,22201,30707,181285,217094,36001
51,0,0,1990366,156444,21329,16356,8830,177976,176023,39343
51,0,0,1617095,69912,62107,37704,17021,242833,156135,70641
51,0,0,33656,73895,12417,4168,7727,201037,46002,15024
51,0,0,1878214,119302,9447,89987,55020,188473,204690,43410
80,0,0,13530,60048,5005,21231,14151,184615,44957,25769
51,0,0,1866525,129923,64919,60270,27235,97767,223175,91464
51,0,0,1254729,74730,30198,9988,15897,267188,191594,91074
80,0,0,1336997,286020,37414,80757,136386,351176,354824,68526
51,0,0,1155827,247436,99726,66738,56979,191850,318250,75308
51,0,0,1167535,86829,43174,9889,24613,334316,268754,39522
80,0,0,866499,121603,70951,65076,80873,294893,422531,101305
51,0,0,1030076,203326,50305,40793,42469,146479,202264,64488
51,0,0,1926120,122561,30757,26811,53857,162084,198619,69801
80,0,0,700565,241617,39328,79986,58369,297666,132252,59172
51,0,0,562222,141002,22507,59780,16912,171472,200700,52352
51,0,0,1489003,199537,38470,37660,83329,177228,174298,66031
51,0,0,415554,72301,28762,12825,74512,214587,215376,84674
80,0,0,82625,71096,28231,27378,20984,59082,45360,39861
51,0,0,686989,404373,139653,71324,49418,225222,316439,87331
51,0,0,71261,25839,8614,6313,1562,74868,78562,18957
80,0,0,651513,271751,77501,30793,43540,141026,226701,66785
51,0,0,495430,125943,16315,58694,43357,155756,248515,17173
51,0,0,2922949,1438103,131406,243948,284941,654616,1074140,404222
51,0,0,497606,118380,144263,60540,98891,155791,209932,92319
80,0,0,64149,61556,10160,12015,14710,128834,45403,30998
51,0,0,701458,162813,32764,43480,40621,285117,549913,50141
51,0,0,515377,296847,25485,43718,33116,177529,203695,39272
51,0,0,695815,163673,78124,76049,54778,197169,283756,150132
80,0,0,652465,158705,67130,21223,24566,192036,107211,150859
51,0,0,828926,270257,50498,62092,99037,348853,463234,124929
51,0,0,515231,115393,74326,65550,47964,309155,287911,79663
80,0,0,682196,228279,6006,45937,51515,506109,552181,46447
51,0,0,1047601,38372,23051,22543,26344,238053,178150,61899
51,0,0,33754,39984,19878,20207,14273,63269,41951,29653
51,0,0,470652,140174,28572,25304,35254,105964,151884,58065
80,0,0,110465,103004,7748,9128,17007,72194,45397,14296
51,0,0,431161,106818,6697,13357,32141,222934,256372,37957
51,0,0,254578,403955,25534,54397,82549,188582,333401,120806
51,0,0,950549,675506,135943,294797,177322,1310958,427570,155079
51,0,0,2373815,143963,68618,53424,33906,133219,220033,60414
51,0,0,873840,128085,72414,39881,49332,268186,400687,129000
51,0,0,1336169,305719,230495,90462,37419,527107,148927,68580
80,0,0,991643,142528,18449,22044,77719,194597,213041,59376
51,0,0,340125,173966,90453,39415,24078,313382,290705,59804
51,0,0,846911,89581,48637,25538,50809,425251,170067,130448
80,0,0,342150,121576,52675,35501,76261,348947,242332,54791
51,0,0,394196,77544,7762,21586,17861,160064,203405,32065
51,0,0,304546,452293,97663,33563,36491,143326,224038,29853
51,0,0,2096510,1681529,188935,23139,323260,1036851,1674694,114440
80,0,0,194610,542912,38516,58472,64450,217018,447286,51194
51,0,0,656665,181401,30630,56397,35522,111197,348695,38818
51,0,0,744044,210674,61600,29336,10883,203918,261059,25560
51,0,0,757379,223914,9633,25107,57862,345116,528030,28729
80,0,0,612630,102764,40027,62046,76449,157970,269822,64210
51,0,0,2128009,388271,81975,66075,28311,824370,1085660,152057
51,0,0,516684,253994,41210,31083,16505,144573,271103,41059
51,0,0,949886,182330,61805,65627,73770,107461,257847,82501
51,0,0,742335,83069,20003,29206,36896,213667,279324,78686
51,0,0,673414,133656,19019,23940,9870,210470,294096,36978
51,0,0,565917,80078,14013,14285,32993,112983,131686,27437
80,0,0,304775,190125,10476,36251,100487,274512,482125,56475
51,0,0,401220,108479,5650,36973,34929,311110,219710,31248
51,0,0,1284668,594809,53514,42531,43547,330816,569109,27981
51,0,0,366146,571070,67195,47869,53258,358538,712669,43389
80,0,0,295293,143837,11859,22568,40621,408513,257694,37809
51,0,0,739798,187659,27881,17318,38775,332540,657212,52473
51,0,0,933152,135878,79201,73932,11588,155931,310419,41910
51,0,0,633648,150121,62061,45564,51422,520959,232709,68683
80,0,0,48868,126814,10915,21650,24133,106079,37464,13131
51,0,0,372665,146531,59297,30967,77663,297505,380002,94898
51,0,0,570592,98072,13387,35668,23642,181850,358307,54784
51,0,0,389595,294536,52741,11743,39950,232281,365324,57577
80,0,0,1075808,84412,3866,23063,22890,221693,208971,42202
51,0,0,3594148,1205960,141855,136842,316389,1285793,1977356,365355
51,0,0,435954,130633,16580,15359,14557,188096,365128,33592
80,0,0,138276,364964,62190,102071,64936,338694,338878,140858
80,0,0,816427,242661,31287,8463,56873,319104,215138,63209
51,0,0,297659,394072,52253,38168,35815,160301,297104,50945
51,0,0,766162,75053,23907,22919,36879,411735,228793,31649
51,0,0,26685,133632,12024,19539,9579,101635,48955,22112
80,0,0,1220248,204273,24645,23052,45060,189874,156476,55190
51,0,0,472163,160847,25472,47992,14593,234379,198231,89614
51,0,0,445970,182241,53413,24865,24268,230707,453678,106965
51,0,0,340837,95400,42187,16030,23358,346916,710983,64860
80,0,0,558291,107371,41358,25603,78916,322827,417420,48461
51,0,0,857047,392442,40412,9790,19168,236315,204610,104805
51,0,0,2208520,1197584,269109,71798,147058,1476638,1759541,169658
51,0,0,1111604,193553,36132,27885,32641,148571,244334,133388
80,0,0,76416,54728,8462,1802,8510,114602,28943,13718
51,0,0,275839,296632,25255,54609,80935,153625,252574,130444
51,0,0,1049430,244603,15756,56670,97894,130428,199282,49872
51,0,0,44174,27458,16645,10187,14884,169531,37198,23960
80,0,0,885433,118376,42125,55079,98781,219459,281479,114764
51,0,0,99845,117662,31216,25588,11573,106511,30379,17451
51,0,0,587294,176782,31006,21877,16149,162114,231926,87193
80,0,0,1358422,160948,98350,50575,39292,202551,279753,90221
51,0,0,560366,121171,31106,48713,33744,128128,207383,20213
51,0,0,613871,221302,16030,53228,51517,277328,341380,58979
51,0,0,1483174,97079,72157,39441,48866,233581,301761,104416
51,0,0,1144129,109121,49964,44179,37004,223771,169607,66577
51,0,0,875938,238057,3929,59501,32236,284094,243636,54079
51,0,0,913778,149185,19446,20845,52794,176729,184375,47657
80,0,0,249554,203450,31006,39504,16180,434931,206308,51635
51,0,0,695723,128537,41522,49458,26750,138464,170764,60910
51,0,0,1534059,112195,24411,36873,35049,127203,162243,144725
80,0,0,62833,79813,15853,16528,7600,66667,52176,25878
51,0,0,1141976,95101,30525,20054,36672,123907,274459,57262
51,0,0,531543,156474,14572,74807,24915,147613,204737,63989
51,0,0,870178,113080,53462,61059,62914,313486,219593,58647
80,0,0,163696,429608,45038,70647,29550,242518,190717,116783
51,0,0,719472,114688,45469,15329,22512,162219,193075,42573
51,0,0,425188,145968,54335,21629,83157,210241,591406,70690
51,0,0,369597,252663,57366,20665,97760,319354,284993,125618
51,0,0,616385,187646,34382,36450,40640,244879,212334,35755
51,0,0,1160989,152756,32181,47258,37970,126173,122706,51625
51,0,0,875874,98874,32387,22217,35405,376736,156104,81096
80,0,0,1360051,119084,76019,52450,75630,240373,305152,62151
51,0,0,634693,242039,41834,35770,42983,237585,312777,52490
51,0,0,294297,437819,35919,40579,44313,170810,217161,43689
51,0,0,778076,347229,34404,12923,52136,266850,383918,24996
80,0,0,27525,101631,6484,15207,8619,167596,54527,25181
51,0,0,432600,224107,36964,31434,48957,216591,305310,103904
51,0,0,473230,182107,15011,11515,34923,186947,285547,58888
51,0,0,511025,112583,15840,7048,20160,340656,472534,48448
80,0,0,1404703,113233,70457,11647,27831,196332,186771,132227
51,0,0,323991,348227,21949,28525,50515,174779,376158,88345
51,0,0,297143,35895,5148,10716,26571,258647,261698,41883
80,0,0,864727,179840,34400,47433,42581,199898,202583,68265
51,0,0,631885,64855,36506,37891,66183,206110,176916,72210
51,0,0,644941,617466,51000,31308,37841,260375,245654,26095
51,0,0,900666,297745,27093,100762,68166,123244,309040,55987
80,0,0,112962,25427,21881,16549,5629,80078,75373,7762
51,0,0,535469,126282,22432,27531,22339,161853,264912,30603
51,0,0,929467,337964,38097,87781,61192,382187,202889,49922
80,0,0,976911,213685,14250,34003,12918,157853,241148,95638
51,0,0,683193,96532,27936,42611,27467,147599,264809,63277
51,0,0,454065,261665,43760,36998,34712,360744,216371,30132
51,0,0,1382769,281356,28322,46895,83126,190183,167269,56058
26,0,0,311634,545766,90846,70822,138013,399716,161383,105207
29,0,0,93495,39341,25946,17872,17436,30279,27473,3927
0,0,0,581654,543048,38187,205063,114917,278902,52554,6733
26,0,0,1979038,520060,36923,101136,102316,270641,104152,14546
26,0,0,254415,7910,1354,1173,3811,9373,5089,6262
55,0,0,1511704,224377,29947,148511,21521,271815,91718,6526
55,0,0,803505,39281,22803,15974,12736,159922,13232,3852
26,0,0,1576807,60773,54776,11820,66951,128967,25038,53303
26,0,0,1015150,284236,71389,34913,33255,38726,26488,20365
26,0,0,1758394,56564,7614,7878,26554,155116,33694,33564
55,0,0,648808,19835,24927,11884,13563,20803,5025,3750
26,0,0,241393,250148,115631,56890,16993,399730,24105,7927
26,0,0,117549,44328,20809,23209,11475,28949,23033,6743
26,0,0,1638971,145078,29824,50814,70275,60360,53647,39568
55,0,0,121071,150697,1776,28031,12039,21360,32045,6082
26,0,0,612855,525506,90145,84662,24773,299592,51341,30759
26,0,0,411737,164118,26969,30469,34095,206469,83544,23405
26,0,0,349977,124946,34594,24377,16114,167907,186845,22234
51,0,0,593123,314495,63923,95439,20910,63271,33896,44792
55,0,0,84072,297841,90396,16183,70368,103176,69789,66991
26,0,0,466982,102304,108117,76850,70244,342395,65052,51151
26,0,0,384589,151784,84448,116767,94103,256142,280802,192243
51,0,0,48571,37021,8048,9047,19725,21158,21602,27064
55,0,0,774146,300884,210362,127739,108859,227379,124969,78002
26,0,0,39280,13788,34648,32901,15681,36916,29259,18794
26,0,0,162289,215875,391403,207129,181091,175499,84570,46246
26,0,0,468455,22369,12644,51252,18177,52676,22597,35242
55,0,0,177614,46890,21496,24344,15780,24550,13015,7907
26,0,0,14567,32444,2069,4571,6923,5963,1856,2469
26,0,0,1791799,307300,20669,63539,91876,209720,124676,141763
26,0,0,619321,134363,14122,7594,10243,25306,15670,16040
26,0,0,559739,64054,42931,14392,11019,16020,16831,20792
55,0,0,26480,44086,6693,7959,4006,8455,1066,2652
26,0,0,237720,14364,34233,68730,33830,17336,18726,13165
26,0,0,22556,17418,20615,15232,31130,20839,10469,12192
51,0,0,673838,18700,4111,15020,26908,38997,13773,14291
51,0,0,95489,83851,12111,3626,22447,48776,14941,8420
26,0,0,15789,23769,12272,2619,9782,6940,5066,1658
26,0,0,1312069,409960,90472,136055,23984,77594,79419,72761
26,0,0,402808,168341,12023,16131,29642,23168,38581,22723
26,0,0,1996162,273873,183216,168009,39242,132358,61553,48356
55,0,0,272796,88974,34430,20072,37298,36673,11787,12048
26,0,0,97519,124742,8799,35916,8659,21721,38871,25474
26,0,0,175311,69987,6166,24976,19031,17794,9668,18436
26,0,0,751766,415114,53377,55199,122533,97238,64116,35384
55,0,0,854007,16346,8278,26547,9325,22809,27721,16396
26,0,0,1206213,666543,77842,95172,111805,94544,118106,59728
26,0,0,366980,105969,9011,29705,12798,23460,13247,15724
26,0,0,562158,674481,64868,165376,88478,211596,85383,81971
26,0,0,1893471,365883,23586,82058,58256,103661,219548,51340
26,0,0,195935,82784,16639,27212,65699,41582,8540,12659
26,0,0,555634,19026,11657,4754,21683,56765,20013,9580
26,0,0,765026,259383,66879,102599,121065,136267,34072,36556
26,0,0,194254,22117,67661,26878,22579,17159,22095,8576
25,0,0,606614,122411,23658,44179,43254,11801,3834,1355
29,0,0,1262664,625020,143179,150784,110143,104367,77613,10901
0,0,0,55183,21281,11538,3973,3223,10973,7951,775
26,0,0,691333,176466,38024,52522,88340,169128,111231,80521
26,0,0,443098,419332,144298,71499,159230,147451,140859,67253
55,0,0,1181595,159549,23864,20297,67237,834051,422167,52958
26,0,0,1213388,628923,197239,237667,250914,843728,1059780,413971
26,0,0,579754,144547,124900,49956,27969,318380,261444,200047
51,0,0,920292,12603,21010,6159,13526,90777,24122,16136
80,0,0,237518,372047,33438,395017,66914,116606,127204,113207
51,0,0,171252,21706,3486,10250,9309,54351,28887,7851
51,0,0,2582838,158460,95783,45093,39913,426713,232486,105804
51,0,0,1411381,204088,40507,72802,62868,158215,90650,51628
80,0,0,23972,75061,3183,7280,8816,289300,37465,22051
80,0,0,632836,320404,68726,39021,66445,989616,163285,95449
51,0,0,37840,50269,15154,14775,29911,202804,50972,30604
51,0,0,686248,404507,36918,89699,118494,302290,253436,58855
51,0,0,175291,95701,35778,35821,25626,147152,48628,16635
80,0,0,92001,28301,3624,31353,18650,87114,78081,28369
51,0,0,252956,400702,24011,4674,14938,292688,266135,42423
51,0,0,320219,326258,17176,61862,34499,295447,248014,130656
51,0,0,349030,459283,32682,13716,39575,224472,276918,52696
80,0,0,492082,360226,17458,55819,61440,348692,440258,98600
51,0,0,1078591,146506,5788,16825,26415,245376,254819,82063
51,0,0,531802,299535,70617,15356,23223,206723,548499,64342
51,0,0,1528488,289011,66643,16719,29555,150751,71543,40399
51,0,0,551600,272718,45573,27300,13726,424497,350862,160938
80,0,0,1954143,76935,4323,59070,47540,246056,231514,79194
51,0,0,613910,154397,26333,48839,26148,192851,184489,36181
51,0,0,283924,93054,9363,29434,132671,197798,341294,81100
51,0,0,68268,21585,5702,17827,25214,60343,60184,14706
80,0,0,97311,25877,16011,7262,10591,52126,59277,36173
51,0,0,247448,331326,11508,28491,42688,426492,209373,117791
51,0,0,266607,208835,14470,125205,145595,266760,166629,74394
51,0,0,266023,54682,20595,38083,4612,52036,53607,15619
80,0,0,717169,174499,13763,31994,15784,64731,18296,15310
51,0,0,705135,150709,53419,116853,58880,233962,107521,64510
51,0,0,880001,353950,76798,11219,59616,122446,155858,73384
51,0,0,612859,293296,68182,21196,22211,158819,261748,58007
80,0,0,983292,196249,78501,156315,140967,234008,194835,120376
51,0,0,277267,117040,24740,7693,12983,45308,12028,15366
51,0,0,148959,177771,24277,34891,17128,44380,18377,16676
51,0,0,1620736,212780,13789,74653,101594,173394,140969,148954
51,0,0,1851798,647092,254101,195961,255922,628278,821548,241297
51,0,0,1450383,226486,30865,69610,36018,177716,121802,88283
51,0,0,455860,91965,6393,24509,27644,50379,9300,12927
51,0,0,1487001,109389,222145,59721,145010,181972,96176,120155
51,0,0,1373018,147835,63472,264248,158534,219060,177091,54090
80,0,0,1288478,265689,54211,59960,114049,160784,173252,98491
51,0,0,1658697,1007394,45972,147358,205015,93449,76615,48973
51,0,0,1055575,417950,10741,223822,54199,322621,257216,82836
51,0,0,434920,181693,110134,248855,129369,202795,220933,161890
80,0,0,533757,174319,103623,219078,141263,191664,128580,153664
51,0,0,253140,116024,22360,9432,15068,33292,10570,12779
51,0,0,38507,54189,598,5210,4798,11757,3416,2097
51,0,0,823746,197005,86509,100076,43300,219587,212474,92179
80,0,0,1522919,538499,113722,166234,98789,110628,205380,92421
51,0,0,645837,323107,103674,87339,61965,105045,66680,19291
51,0,0,117440,64462,13931,8692,14912,21067,19087,13247
51,0,0,1387077,258133,264176,127214,132069,1081293,571019,334335
80,0,0,674992,36184,30176,12730,38429,120917,34527,20923
26,0,0,1588528,463075,53581,63373,409089,142444,86655,128644
51,0,0,143320,116023,3707,8463,24375,49892,26645,19153
51,0,0,200838,10188,29997,54577,16481,41916,69047,19788
80,0,0,27658,8873,4181,2226,4459,15546,9372,3232
51,0,0,479005,97015,5652,13789,38584,90309,17716,10381
51,0,0,594531,62611,4773,15659,13192,37769,51521,28469
51,0,0,148640,22276,16618,11185,25910,75912,89389,28120
51,0,0,348938,281089,27623,23095,18041,424611,444121,97633
80,0,0,237011,159054,108591,82054,89128,199908,233860,69709
51,0,0,772146,231835,64768,95954,49934,87693,94954,62737
51,0,0,308200,32051,21089,11726,18957,47372,56282,17830
51,0,0,349972,62110,11864,30121,28443,65573,40605,17214
80,0,0,83020,28007,40602,9401,24329,100274,40473,15658
51,0,0,264061,508100,51812,49237,50303,61872,149199,24091
51,0,0,200909,165600,14251,7547,9345,15157,21579,41236
26,0,0,911304,204525,134121,123116,42616,91582,22066,27849
26,0,0,331859,37833,6887,4480,18852,15815,7013,11811
26,0,0,290669,35936,13235,26841,46835,14703,22817,15631
26,0,0,1443753,157527,47572,88787,17472,56507,51732,64638
26,0,0,1115478,258725,63677,14935,160929,93900,28514,30555
26,0,0,203066,33740,10121,36312,14322,37603,8419,9112
26,0,0,490058,441738,64427,140935,34653,45960,45299,39596
26,0,0,538012,267960,115366,140218,73459,107892,64942,18938
26,0,0,726059,465893,30835,16203,46083,40970,88187,35006
26,0,0,1060902,183440,258790,151057,56359,101286,42463,76353
26,0,0,80386,75932,34686,16237,9293,31180,10713,14429
26,0,0,559050,43136,6841,787,23349,9063,17810,9462
26,0,0,98806,53267,54244,27602,6578,24435,30265,9738
26,0,0,1227913,212334,483357,55403,67025,64232,81983,94761
51,0,0,1719916,158960,178366,31931,119910,72965,104468,43548
26,0,0,945710,20159,3199,12424,23820,25597,19925,13042
26,0,0,29358,93670,10534,25847,8423,23491,14147,15631
26,0,0,142876,42417,10046,21393,41742,25093,13604,10884
26,0,0,1883352,180430,64149,58802,80714,57736,68162,28488
26,0,0,79243,89760,21502,71605,14402,21948,14105,24502
26,0,0,1112327,464101,74074,6458,47802,97202,22930,59734
26,0,0,608529,43227,8010,7516,15353,7528,4166,2275
29,0,0,626934,199534,119759,67253,38958,95561,87530,2214
80,0,0,348220,39815,39246,59579,32939,270372,110455,27023
51,0,0,148450,23449,13226,26423,13596,71786,52152,21702
51,0,0,672004,232669,127556,94066,131102,181165,102064,67183
80,0,0,23915,111573,9760,11945,15335,48282,23888,10991
80,0,0,309812,49302,24348,7644,14838,120818,69015,25849
51,0,0,158747,133060,26960,14925,7829,133852,56989,16392
51,0,0,75750,164668,8715,19851,20346,50620,53776,26291
80,0,0,133874,199244,77949,52085,40397,522023,239107,29152
80,0,0,856222,201068,176568,47941,36537,445038,267899,32865
51,0,0,130881,87857,4985,12967,5825,55275,77555,23023
51,0,0,184190,349502,26909,52032,33786,110870,222064,111391
51,0,0,79703,44518,7182,9133,4869,114658,33803,7254
80,0,0,1117650,214546,40903,31605,38795,180973,184655,57765
80,0,0,767550,140018,48270,214999,10826,184592,207210,175215
51,0,0,175200,21903,16112,24954,21080,79946,70015,19729
51,0,0,1819463,1056054,909882,259705,456066,920047,349612,84322
80,0,0,421663,485360,89199,90592,108055,173805,220352,66513
80,0,0,1471905,78703,22536,27475,37083,242050,273123,67166
51,0,0,81011,76193,3561,10517,6886,138589,58994,18935
51,0,0,167188,72512,4382,6548,14175,49613,103695,27018
80,0,0,1371223,160680,78560,76020,46091,153171,193837,43271
80,0,0,827498,26355,2175,17905,8801,29760,44289,19394
51,0,0,119743,19489,11982,10916,10692,119801,59945,26635
51,0,0,140103,24845,18444,8190,15392,98136,46752,11569
51,0,0,451726,316876,79818,25249,93508,124138,212857,55140
80,0,0,1088661,1803529,930045,81742,345986,564953,530090,145610
51,0,0,261666,149665,76538,114299,27634,118217,259499,114898
51,0,0,817068,445264,74262,95747,53762,71769,217535,95774
51,0,0,766822,174691,41105,88568,20643,215792,127825,78699
80,0,0,836042,668768,140542,227260,97586,229462,62335,62790
80,0,0,949675,61939,20746,52862,84165,186786,413346,57566
51,0,0,84027,23074,11153,5353,11263,200783,42219,20699
51,0,0,2136162,368707,112064,177652,66306,91386,106947,40921
80,0,0,978352,709654,48893,101733,68612,147580,74954,63595
80,0,0,919212,510322,91884,84373,34230,259365,262988,77998
51,0,0,356189,478053,79700,76206,49913,136653,338785,163389
51,0,0,419952,118706,39017,33433,30993,32570,21507,10663
51,0,0,1092365,162245,113732,48843,25240,174742,171612,36804
80,0,0,328496,668726,39399,25493,18007,130029,286481,51021
51,0,0,509464,1257650,111451,215805,145772,571821,891642,815510
51,0,0,165025,63781,18233,5918,6502,57202,52653,37952
51,0,0,244464,343759,95025,29040,44237,296686,169158,53078
80,0,0,954374,731580,155442,192481,94123,185032,136913,21124
80,0,0,1008533,131910,18715,97143,27801,135202,312228,139034
51,0,0,253798,82989,4364,17080,9412,81439,62734,26741
51,0,0,127171,31713,14385,11132,12041,105962,47909,23198
80,0,0,1726141,781497,102252,25033,124930,131193,57718,163951
80,0,0,811561,93115,51484,66032,30967,151768,156726,203011
51,0,0,186893,44228,25500,53790,12811,113391,53628,25840
51,0,0,73775,51265,6293,11169,5443,200471,46104,16347
80,0,0,1649208,486563,66426,76884,68822,80334,68508,51109
80,0,0,1226860,121024,59359,61423,24374,136772,251292,123838
51,0,0,73356,39975,8205,17088,11910,187681,37001,20372
51,0,0,2335971,266427,64920,277025,58877,98249,66033,47680
80,0,0,318455,144055,11118,29898,27284,47119,17893,12421
80,0,0,1272580,98474,5016,90402,15436,332212,341113,135513
51,0,0,533182,127662,11491,68139,52546,363304,408507,91781
51,0,0,849897,113400,15383,32187,17237,39525,23527,19343
80,0,0,416191,502823,66595,16628,90871,151300,92482,249492
80,0,0,1183106,57413,10995,113331,55327,332433,316658,98343
51,0,0,136585,48946,1509,23168,14484,124829,52630,15510
51,0,0,1266195,345491,227733,25700,193663,106260,58535,58319
26,0,0,715411,131550,99009,60238,61015,115167,58736,39183
26,0,0,616292,78592,36642,76046,117827,243966,204409,62348
26,0,0,930868,109199,133710,108321,94582,201708,123760,76828
26,0,0,686954,250849,51778,217848,47201,79394,69176,63961
26,0,0,876020,182565,122121,266706,66249,74994,113560,34320
26,0,0,108299,49768,24826,34711,44344,37676,45326,26433
26,0,0,698901,271740,66304,93490,78224,122982,244339,56723
26,0,0,1151195,184810,85761,87401,98584,117170,76119,102759
26,0,0,1594683,243800,65384,48642,72738,88537,105913,82938
26,0,0,264490,42721,15908,13604,9284,28352,29779,9152
26,0,0,699624,461455,106758,235993,182406,378119,135007,70023
26,0,0,633281,316715,93117,120457,117776,57166,65125,79094
26,0,0,615267,369806,8832,194825,88814,168227,96877,58348
26,0,0,1968064,104492,28950,112171,104354,204924,237410,58533
26,0,0,847156,294014,27730,20428,61360,139552,159225,85840
26,0,0,174862,76580,92300,22556,20648,24410,49892,25638
26,0,0,648307,318989,19831,55294,117477,99477,99073,131601
26,0,0,1343681,379544,74484,107179,111294,109313,62685,57178
26,0,0,1592327,833543,1131275,962070,189404,598421,494257,482075
26,0,0,2912045,487124,132496,176726,197690,721074,586122,351933
26,0,0,964000,394126,184043,136392,56690,166571,158000,67711
26,0,0,569783,41592,23718,5087,11175,23502,22905,9655
26,0,0,444250,98154,266719,91303,57671,176846,113604,68459
26,0,0,1260290,447936,197542,162177,116138,110559,43835,50545
26,0,0,863410,159328,460737,90103,41387,176879,70884,51497
26,0,0,914448,392572,106285,17639,101831,352331,251169,94055
26,0,0,48150,32779,42842,25799,39482,34540,98881,29172
26,0,0,149594,39693,23158,17482,21280,70477,62326,11994
26,0,0,432744,85893,48887,136149,124088,185262,113220,67362
26,0,0,1867202,392172,122813,133799,71298,168830,86001,103677
26,0,0,1332323,76937,59203,80351,81566,198888,155051,92759
26,0,0,818582,47936,38872,23973,20097,23005,46747,6614
26,0,0,845482,366946,60466,166609,200122,91747,56338,51450
26,0,0,525224,607705,216270,14468,82533,155255,112551,60538
26,0,0,1368382,63244,206499,159244,48582,208273,47507,63451
26,0,0,625184,261375,103189,186406,142283,135432,171006,68696
26,0,0,1248715,305811,44242,86025,61163,167444,98063,44669
26,0,0,148231,46011,5008,9235,31143,37956,32133,15934
26,0,0,328530,48324,8331,74660,46045,55106,20561,19663
26,0,0,128903,95261,17541,43021,23055,24426,14622,26936
26,0,0,1078967,25866,46966,37747,94596,39643,8830,19861
26,0,0,578368,650247,137334,321282,392408,239973,45103,74871
26,0,0,232714,109106,30119,18717,25963,23119,20620,21788
26,0,0,1278699,553407,299187,119320,102122,116217,41961,118260
26,0,0,1220078,451815,14601,32744,103001,179170,142161,22083
26,0,0,182291,281327,92629,75538,130410,138110,102134,99205
51,0,0,1613745,129734,24189,34289,44606,33775,14966,35069
26,0,0,85404,110701,23788,10127,3772,55787,42281,22001
51,0,0,377121,24180,2101,7253,4750,13762,26190,3365
26,0,0,423589,194229,86334,77004,105964,287296,244468,93734
26,0,0,549651,1750812,420428,1217856,322414,403144,191700,550914
26,0,0,662272,425636,56810,79290,92318,92359,78281,50653
26,0,0,1615258,232753,31655,76555,21848,109037,69216,22082
26,0,0,194537,36951,32147,11100,29309,35274,10315,13889
26,0,0,163564,143507,15389,50571,13525,10502,15947,25695
26,0,0,1758359,20083,16913,57943,45192,99904,41564,49773
26,0,0,357642,171984,141079,215410,75788,93348,150368,141292
26,0,0,300427,26765,24641,25164,21935,32071,37848,32773
26,0,0,77922,95449,12250,22107,9471,40601,17465,13189
26,0,0,60424,49412,18848,44218,22572,30587,15816,23049
26,0,0,335434,67670,25498,33511,23297,36239,37954,19809
26,0,0,1201692,36693,51993,17822,24719,25800,16081,16015
26,0,0,103366,141484,14827,4505,18250,20698,20646,10755
26,0,0,170067,57534,73379,7024,11526,18173,8351,14445
26,0,0,1347873,488780,99954,63402,83405,198789,78062,37655
26,0,0,9687,11103,7812,9241,2182,11409,3463,8676
26,0,0,137845,83548,13533,31127,27901,49247,10389,11200
26,0,0,77988,54136,91942,24552,25155,27298,28655,6435
26,0,0,129246,65118,2648,10857,17221,13474,21909,10770
26,0,0,1115083,36894,18403,11631,43511,17298,17289,6441
26,0,0,2204496,204139,95070,62396,127548,46198,28420,24991
26,0,0,1480098,97525,201861,170319,94773,87912,93291,50068
26,0,0,612454,63544,3391,19532,23979,24543,26560,21002
26,0,0,847158,94497,24171,108933,53257,25922,13358,18279
26,0,0,11043,35917,16253,16470,18168,12704,17997,16215
26,0,0,690729,68804,35835,93209,26993,33606,15115,8812
26,0,0,574970,84724,258717,360669,167190,74576,117568,91296
26,0,0,318962,104024,27555,25788,26792,42194,15652,15386
26,0,0,144373,69870,19519,23231,18650,19481,23260,10963
26,0,0,1833676,449470,15968,161367,101193,88327,158898,27504
26,0,0,1997089,299522,6940,72248,65984,87748,70680,32038
26,0,0,295148,140200,25185,16914,38002,10815,15743,16708
26,0,0,162986,67190,5833,13412,23924,27490,28511,14508
26,0,0,242034,122142,7112,41285,13201,24634,24594,16105
26,0,0,692734,31607,24028,17113,53735,43748,17014,17070
26,0,0,716137,175042,74546,17982,37570,141235,89897,42681
26,0,0,686044,69305,11428,2715,11029,24693,7002,11719
26,0,0,91410,21185,43078,32613,12626,14666,23538,11319
26,0,0,400287,61412,11153,17888,23536,29318,15438,8748
26,0,0,1405552,315609,74609,69262,96954,97095,72253,30423
26,0,0,856091,39202,9961,27106,16292,23457,8661,11779
26,0,0,1224354,171111,32465,48470,225762,110171,106339,103740
26,0,0,263600,59252,11034,11248,8742,26368,36288,35678
26,0,0,757806,443820,284899,81140,26540,149514,122928,260190
26,0,0,150629,41400,28635,39645,33449,28830,12622,6689
26,0,0,212788,499582,26243,227064,75233,106475,107158,37625
26,0,0,257934,68694,6014,4540,25153,13939,30731,6870
26,0,0,133110,86397,47517,7791,30720,18955,14689,17912
26,0,0,140618,56960,13861,35587,10190,13346,17989,4438
26,0,0,150220,61467,17130,20595,17304,20001,41209,4393
26,0,0,3324757,203483,190230,79054,200309,130974,126071,37152
26,0,0,293489,259891,24510,88376,139362,151766,56802,60640
26,0,0,625916,36869,9391,17228,48455,47064,21158,14859
26,0,0,90518,73127,15893,16208,45491,20335,20450,9358
26,0,0,414220,81756,2983,8879,19636,14691,15781,14708
26,0,0,110388,81181,30642,32530,10257,20959,14650,11790
26,0,0,418516,58570,2488,27909,32021,18076,29688,16155
26,0,0,857648,191478,10811,82660,42154,87454,56682,87156
26,0,0,297902,27047,20766,28969,29477,10478,11545,16737
26,0,0,656993,41414,11653,36536,33464,26942,11080,5724
26,0,0,647872,35165,31967,21579,28012,25687,26824,10595
26,0,0,547904,868432,39313,50861,124682,52362,116413,52309
26,0,0,674632,43195,7522,33076,16233,32828,22757,16169
26,0,0,187841,78162,8066,17219,25492,11746,11743,9019
26,0,0,1561268,117432,12076,118770,126344,71076,188025,56197
26,0,0,521671,107969,44545,20073,12272,32019,9126,20226
26,0,0,275767,30093,48537,15987,4143,11307,29559,19239
26,0,0,1374790,146693,33015,61832,113092,72527,97988,98670
26,0,0,450440,40003,41691,14663,25342,35264,35188,15151
26,0,0,226736,78078,30744,14977,19917,32466,12610,12286
26,0,0,922206,291243,118755,94101,64975,100872,77402,30850
26,0,0,84991,205491,38443,32945,26012,23149,10970,25849
26,0,0,543105,95934,77963,152359,77023,98342,45717,70787
26,0,0,1535085,382379,45039,35768,96515,103792,47888,45089
26,0,0,276532,181041,35089,6557,21762,25190,10176,9032
26,0,0,392633,77401,15133,39505,21973,17894,18131,15588
26,0,0,109140,51414,15709,39415,30636,18133,18656,15227
26,0,0,271072,166675,10013,7124,15986,28911,19349,12136
26,0,0,605623,57011,26330,16794,32513,19613,21355,19198
26,0,0,2009049,268667,59597,17782,83747,134436,79235,42171
26,0,0,379819,84747,9184,34708,28165,15502,19546,23491
26,0,0,2072931,268602,63304,164750,54349,54017,61794,33215
26,0,0,154237,68576,20945,27129,22314,10200,7297,13772
26,0,0,302885,73210,38324,21056,25261,9363,19683,14918
26,0,0,1330310,268763,25357,36117,166737,48288,97816,115423
26,0,0,282239,61478,15173,17417,14859,11764,16401,6625
26,0,0,270387,97582,3651,4573,34432,15929,17413,7993
26,0,0,1505812,96039,61309,138657,43107,52668,155405,57035
26,0,0,1845641,468055,30303,71511,21005,88779,111831,60722
26,0,0,1294473,740522,27589,79103,53669,58207,64661,28906
26,0,0,232068,68546,29102,10769,47962,22311,12808,13930
26,0,0,2310566,181444,118293,44985,145138,119679,30755,44133
26,0,0,203826,29435,9637,31455,19786,31462,12372,7914
26,0,0,944497,326308,90065,30196,77950,61950,66206,54735
26,0,0,2356080,411002,65871,46480,125745,123481,100482,51685
26,0,0,277066,52102,5313,9240,19631,24864,14708,22610
26,0,0,447868,87239,26512,62617,12159,15323,17350,17045
26,0,0,936501,41242,4384,20664,25195,12924,11190,14316
26,0,0,323481,104836,31117,27957,29910,24736,18971,13630
26,0,0,991501,602948,100285,46645,52133,66006,51796,32099
26,0,0,2105439,169597,17824,48302,24677,80971,49164,48572
26,0,0,781575,365178,65424,135797,47484,62636,50873,86810
26,0,0,187581,62244,17406,14697,15138,22434,20847,19094
26,0,0,735442,147395,141208,89156,27402,187842,102844,70413
26,0,0,356685,68226,8993,116025,22025,27881,14059,13446
26,0,0,350760,90634,27667,32931,17978,17594,17895,15269
26,0,0,98901,161688,44363,30831,41463,19338,10965,24836
26,0,0,189559,109335,229508,210506,173797,70164,130618,42392
26,0,0,1489238,167040,131570,80322,47525,86244,66990,81206
26,0,0,207220,108781,27482,14086,17879,18666,8983,12140
26,0,0,1536065,182328,136303,74542,120992,60453,32590,93756
26,0,0,507352,24115,21745,12064,14656,31868,15290,14973
26,0,0,1132875,45096,37712,18707,17486,7261,6216,23384
26,0,0,310697,76762,20340,4978,48309,7134,11110,12943
26,0,0,2223481,192782,105707,129753,98207,91123,69869,103172
26,0,0,1438155,139273,47017,45155,46886,66423,57539,66013
26,0,0,605844,92637,10170,51950,15277,13282,18767,19593
26,0,0,605856,66693,2986,18631,15128,17049,6635,16705
26,0,0,1224502,108430,109602,135140,130275,67363,51996,55233
26,0,0,681357,764110,127583,262897,97579,149838,85219,79797
26,0,0,1313345,373851,55710,52051,52831,96892,91402,26527
26,0,0,1624472,315677,169161,58710,73751,105135,82366,44049
26,0,0,1794842,306898,87600,322873,82933,106223,86560,44623
26,0,0,2293232,288511,157925,173672,73574,91351,31966,58381
26,0,0,1322051,22764,4631,6029,22619,12227,9198,13944
26,0,0,104159,72134,14992,15840,8994,14096,11943,15778
26,0,0,365326,1385091,88218,83957,127491,55601,122123,105858
26,0,0,668858,424871,306059,69239,55131,126530,40261,50385
26,0,0,118366,27833,50071,18016,44509,31944,12830,9668
26,0,0,1473141,362260,135858,53862,46391,160279,58282,108826
26,0,0,642328,421881,207140,117214,71619,158409,149795,92192
26,0,0,1172877,717363,124303,122359,27223,112793,98634,60659
26,0,0,193961,35313,29339,11648,46902,25717,25193,8860
26,0,0,1499918,284270,138140,144393,71136,154055,114217,90148
26,0,0,1182375,263513,46038,99584,28396,76033,42201,35834
26,0,0,1038197,281956,47283,92361,65693,130034,106374,140511
26,0,0,108007,75236,32066,13835,22865,19881,40648,10495
26,0,0,519069,183772,11342,7331,24973,20617,16345,8763
26,0,0,715742,245456,55715,220604,36534,96058,95614,46063
26,0,0,1973604,199555,96570,122263,97482,52709,35365,71736
26,0,0,2012190,133673,220195,134705,84263,100134,67795,81146
26,0,0,1211111,327340,77559,140776,37414,69085,55269,57459
26,0,0,594211,308824,212241,372581,74224,202566,93428,32593
26,0,0,374642,40598,13658,64774,22282,27059,9206,14683
26,0,0,1980348,161828,27602,69328,84241,75859,60994,45020
26,0,0,382241,69291,68557,14268,9888,15316,16048,20142
26,0,0,535032,216011,68311,53488,22582,28126,31116,18183
26,0,0,114899,74337,8253,59572,26013,44415,24492,7888
26,0,0,406600,67111,10275,39214,26705,13755,21671,28704
26,0,0,1048127,165313,116850,146458,90745,99131,158043,117639
26,0,0,574680,308625,248381,54322,99615,59737,131959,49206
26,0,0,440563,328496,36409,82307,182197,73021,113756,92370
26,0,0,58618,18333,35143,20247,23176,10420,42389,32831
26,0,0,40941,80980,7690,37706,52522,9318,22509,16106
26,0,0,861217,333469,67378,216498,106422,117636,125427,40650
26,0,0,152722,23216,3639,35726,33711,13553,13210,11675
26,0,0,287347,692716,79578,39948,74757,128777,55002,116851
26,0,0,870118,90451,15014,19508,19487,28554,14352,12087
26,0,0,792108,558635,14821,102291,73671,122027,63095,24404
26,0,0,37514,80000,2336,19503,29249,27262,17470,18181
26,0,0,1425806,226108,60075,31342,69479,85166,52045,44657
25,0,0,660066,253163,12054,30001,45663,30987,4418,340
25,0,0,657935,246751,12369,30451,44234,29026,4231,289
25,0,0,644272,143248,21931,42443,43501,12076,3983,939
25,0,0,639554,135500,23271,44331,44457,12071,3788,1265
25,0,0,610359,244495,10902,29319,45644,31707,4459,401
25,0,0,631493,135220,24134,45573,45793,12719,3867,1185
25,0,0,580467,145826,18994,43127,45741,12165,4469,994
54,0,0,26,102,225,12,48,1533,2172,56
26,0,0,603162,57828,11795,7135,11444,167217,39402,6958
26,0,0,56270,12769,10073,5526,7148,55476,47482,10561
26,0,0,256125,234553,96816,107526,70118,137282,181009,54938
55,0,0,682300,328034,53104,73482,60708,139699,93712,53980
26,0,0,2218702,2319607,180989,73707,109930,1728121,95940,14775
26,0,0,222852,182680,224085,66361,42120,224774,105418,57926
26,0,0,542188,129475,192928,83242,62415,317481,322845,44998
55,0,0,47648,35729,25580,23345,26741,113894,65502,24271
26,0,0,1275601,131996,107610,129983,50670,259814,287851,102616
26,0,0,161490,141073,83402,81873,37351,156818,275763,66801
26,0,0,2290205,1580224,675322,231813,87980,1708929,282681,110994
55,0,0,193271,366799,103395,34522,32682,298753,98990,48815
26,0,0,308861,60307,9991,1792,13359,65494,27439,12857
26,0,0,1484929,357066,142602,126278,120756,146373,166938,62035
26,0,0,96888,33689,51873,55185,44757,85597,103450,31018
26,0,0,55274,29594,9536,9876,12809,85827,92698,33127
26,0,0,1759260,420911,34585,46741,185896,158149,337135,66822
26,0,0,75287,19832,23528,12188,14001,82879,83611,19710
26,0,0,234035,54970,172506,48286,89314,404870,94133,61527
26,0,0,990090,65299,190131,56534,131500,232203,205462,76905
26,0,0,1371214,267909,144197,11266,34369,126937,201131,72938
26,0,0,238604,152616,149369,38930,65404,468023,103394,33121
26,0,0,814714,263985,172981,145502,47691,352663,395904,78155
26,0,0,322798,110603,124629,78874,158368,436024,190453,118896
26,0,0,412660,1177052,204863,198999,122754,228413,92951,83678
26,0,0,120450,114994,85711,23091,83742,364648,95012,42188
26,0,0,436519,192634,89587,199769,126688,309955,397496,106085
26,0,0,40019,33931,24173,65387,31537,64554,41625,31282
26,0,0,668858,250097,26631,82213,119135,157339,97133,98070
26,0,0,342321,286626,166678,54075,75374,189766,229127,149200
26,0,0,63735,13129,7374,2428,15795,29487,41117,34068
0,43,47,536908,478884,425108,344886,98259,291244,410641,22967
26,43,47,457187,22201,29203,26698,1873,30105,47908,744
26,43,47,130785,9602,8622,2343,8652,56766,39815,21434
26,43,47,106300,146878,23649,14153,9426,194067,162515,5462
55,43,47,558802,229662,80847,211511,83133,29397,78851,6685
26,43,47,830516,14641,1190,13013,10018,28839,14529,8107
26,43,47,108396,201455,68555,54149,58080,212902,399641,84925
26,43,47,73329,52402,25612,25319,31902,53560,34617,16767
55,43,47,463599,68632,19871,9906,38414,28332,23607,31115
26,43,47,43235,70089,13049,12477,26774,69286,50051,37121
26,43,47,292542,35982,34057,58879,122790,206386,374232,98467
26,43,47,445597,71182,126910,117250,133743,232487,114530,56490
26,43,47,777240,192481,157110,30219,85745,242479,247006,56534
26,43,47,539823,144511,130787,117181,176955,240613,197689,121669
26,43,47,180296,247536,52553,76078,89732,134363,298239,101672
55,43,47,307907,121028,102696,33109,120221,151215,88760,131927
26,43,47,1041920,244122,34462,120497,76766,289266,337248,91766
26,43,47,156828,166241,47004,92672,119526,212757,200204,94616
26,43,47,516320,526055,140604,55581,54103,149329,90885,34323
54,43,47,110,55,23,16,10,13,17,4
25,43,47,2,7,9,1,3,24,37,5
25,43,47,22,12,14,6,14,97,155,20
25,43,47,618326,189590,7433,34974,43416,21247,2275,627
29,43,47,33191,35984,3391,2345,6557,4380,1295,258
26,43,47,2621138,227155,136466,122435,157339,489980,848529,108608
26,43,47,3191237,339424,598764,257705,140338,1016207,1125339,219671
26,43,47,383904,102784,74687,84691,124204,371343,260036,103660
26,43,47,185865,19280,4980,1500,3225,1420,1038,1791
26,43,47,1117179,281975,15563,82677,54858,456904,303244,47596
26,43,47,277146,58797,285195,83153,72307,421672,579876,149110
55,43,47,84529,57243,4969,11780,45253,45413,19788,62153
26,43,47,25384,40057,6760,2431,9153,1621,1664,1732
26,43,47,1839915,1063386,351225,818908,377030,646971,624290,243104
26,43,47,296175,222397,127423,70441,197584,431301,189642,86604
55,43,47,964456,66353,1542,2341,10722,5840,1900,8962
26,43,47,78511,34484,10342,32537,27686,54450,71579,11833
26,43,47,254237,49482,136364,42972,163559,298904,197936,150665
26,43,47,78149,57318,47768,15126,29708,149382,70642,21030
51,43,47,397661,145737,146416,88810,99931,250138,86941,49319
51,43,47,180592,122254,20719,79668,69212,173603,110997,77910
26,43,47,400553,126164,69834,80595,119396,204362,129704,77065
55,43,47,837343,202983,133339,84443,129696,220103,240462,93967
26,43,47,1392477,94064,68166,19423,113538,353512,168307,182126
26,43,47,256881,110789,72141,108386,76654,263900,129430,49700
26,43,47,169423,290369,110327,86467,48047,157083,515590,79584
55,43,47,1266564,134658,3105,8683,10323,12749,4897,8673
26,43,47,40113,35211,42959,50319,8555,133221,46844,14338
26,43,47,813060,656813,795935,753713,175363,1221312,1630337,250682
26,43,47,232949,395016,128155,65817,102020,207968,140605,216451
26,43,47,19919,17082,1812,1475,4807,792,926,806
26,43,47,2192330,819397,501934,562792,530143,363853,477861,262322
26,43,47,619613,381588,20273,59867,57061,622339,304273,122985
55,43,47,157776,23457,2251,7933,3383,3968,4352,855
26,43,47,335784,108612,17885,33795,76067,569267,169745,72147
26,43,47,1116399,104443,19328,95516,34333,441332,414171,75048
26,43,47,668219,562286,77581,83028,66380,304554,152874,68863
26,43,47,92081,14222,226,1869,4864,2031,2125,1896
26,43,47,678292,179414,247160,66084,58440,321478,286444,21733
26,43,47,542573,244420,124564,75087,280218,361284,279800,121499
26,43,47,856575,1032234,677479,786923,303869,923328,1037176,937411
26,43,47,12789,57420,1988,1683,9457,1958,1658,801
26,43,47,1360310,836518,391428,231068,435267,1145430,1105009,417495
26,43,47,1281007,110943,47168,125253,79729,317412,328519,178693
55,43,47,2689483,914718,268513,344686,511368,597867,884348,253203
26,43,47,72716,32552,14915,19982,20300,103167,150310,41077
26,43,47,341357,104646,88622,76785,90222,227791,235778,104386
26,43,47,1165051,180146,18125,126918,132420,269904,239015,120795
26,43,47,87342,25508,2129,1508,3777,1449,1415,1069
26,43,47,17377,42049,12488,27972,13151,100334,123114,17865
26,43,47,604301,114150,111336,195759,200275,378043,248918,138553
26,43,47,1856221,323477,686920,445297,758161,685314,865941,839746
26,43,47,30615,45916,3118,2629,5793,3259,2147,903
26,43,47,93985,39370,48240,28025,36410,64777,38205,22855
26,43,47,1491492,289055,23765,35628,215041,510801,237782,123507
55,43,47,441697,171108,130622,115271,181666,113744,278432,63107
26,43,47,348818,351332,63343,115102,65202,376308,384035,78253
26,43,47,947458,82115,88713,135117,58357,170645,283513,70974
26,43,47,688618,284648,29616,96036,72704,309739,243685,160630
55,43,47,64814,105511,4099,3596,3632,1507,1866,413
26,43,47,177494,18349,3950,13482,14206,103636,77899,19470
26,43,47,874211,205228,27369,92602,53805,540759,168406,77464
26,43,47,2030188,1591761,1161474,726097,266371,1126356,554113,245903
26,43,47,91422,53557,3856,2438,8569,3373,2288,1097
26,43,47,72167,177177,18267,20870,50379,27356,49084,44421
26,43,47,628311,147258,41973,78227,268210,178103,186115,216710
55,43,47,499168,208753,57745,86418,248744,75440,186799,120789
26,43,47,31733,24388,3354,2068,9093,4479,2926,1376
26,43,47,901698,126403,26030,52527,76064,616491,168023,28138
26,43,47,250053,49878,4349,29427,25728,74653,34459,16566
26,43,47,16317,49519,2385,6518,10259,6500,2771,467
26,43,47,15900,77874,17704,47634,22422,37721,39072,25332
26,43,47,2539325,468620,372314,771514,384280,1517704,480338,1111378
55,43,47,320003,217202,16887,27046,25206,29331,11800,9047
26,43,47,216325,67320,24622,9010,16370,38756,57885,11867
51,43,47,601209,41033,7816,5023,85246,241606,241376,206861
80,43,47,825177,362343,91430,77656,67068,349478,181234,86014
51,43,47,26755,53566,2798,9515,14792,3938,2368,2415
51,43,47,665542,114755,2687,10543,72600,136134,111907,112886
51,43,47,940966,175039,11652,44536,61198,108204,184426,118376
51,43,47,349141,69372,28101,18000,28217,11940,14841,7600
51,0,0,1932277,999290,481712,144023,86083,63641,54058,103599
51,0,0,1011672,112024,60220,277327,86190,76109,106711,49843
80,0,0,846299,48613,66527,38799,25675,115064,137152,32354
51,0,0,508245,78350,142767,207610,97931,233923,80891,47739
51,0,0,37366,316096,27065,39385,21295,35081,28620,7641
26,0,0,30904,18052,8187,12030,4865,4299,3614,1990
26,0,0,1233372,440969,15281,58581,48629,35523,54685,70522
26,0,0,81495,31426,1918,2614,4975,2064,1382,2223
26,0,0,278485,384675,743519,313963,122832,159270,115309,88053
55,0,0,1451916,99898,17881,74269,69309,148246,150573,63689
26,0,0,1012813,185571,105737,84999,82753,68740,219198,168313
26,0,0,24746,29821,591,1507,2994,2652,1364,1691
26,0,0,462288,169151,140127,50185,44473,387525,177071,84693
26,0,0,696083,425493,17082,121726,112808,388713,228611,87390
26,0,0,2071432,123910,5759,2899,21979,7514,6968,6993
26,0,0,366961,150875,23960,90127,77390,431838,312035,100440
26,0,0,228976,64172,98777,41279,66751,280930,243648,113810
26,0,0,468406,69578,96170,127442,41364,269584,522177,191238
26,0,0,83361,45749,775,2712,1716,1491,2039,1504
26,0,0,407057,159830,128197,127143,142783,301244,142441,64485
26,0,0,74806,29300,31578,12613,26945,83521,72299,28549
26,0,0,601413,141575,98756,84954,73093,238475,176579,69379
26,0,0,692380,83607,50914,74222,142675,222985,420821,212070
26,0,0,1687373,87085,42143,26092,60206,360477,245255,44859
26,0,0,1135817,219737,130122,39687,124761,164043,97128,226183
55,0,0,1021547,235841,25140,39569,158704,252542,151058,84308
